<mujoco model="robotic_crane_with_elbow">
  <compiler angle="radian" coordinate="local"/>
  <option timestep="0.01"/>
  <size njmax="1000" nconmax="200"/>
  <visual><map znear="0.01"/></visual>

  <worldbody>
    <geom name="floor" type="plane" size="5 5 0.1" rgba="0.8 0.9 0.8 1"/>
    <body name="object" pos="-0.4 -0.2 0.05">
      <inertial mass="0.2" diaginertia="0.002 0.002 0.002" pos="0 0 0"/>
      <joint name="object_free" type="free"/>
      <geom type="box" size="0.03 0.03 0.03" rgba="1 0 0 1"/>
    </body>
    <body name="platform" pos="0.15 0 0">
      <inertial mass="0.1" diaginertia="0.001 0.001 0.001" pos="0 0 0"/>
      <geom type="box" size="0.2 0.2 0.05" rgba="0.3 0.3 0.8 1"/>
    </body>
    <body name="robotA_base" pos="-0.5 0 0">
      <inertial mass="1.0" diaginertia="0.01 0.01 0.01" pos="0 0 0"/>
      <joint name="joint_rotate" type="hinge" axis="0 0 1"/>
      <body name="lower_arm" pos="0 0 0.05">
        <inertial mass="0.5" diaginertia="0.01 0.01 0.01" pos="0 0 0"/>
        <joint name="joint_lift" type="hinge" axis="0 1 0"/>
        <geom type="capsule" fromto="0 0 0 0.3 0 0" size="0.025" rgba="0.4 0.4 1 1"/>
        <body name="upper_arm" pos="0.3 0 0">
          <inertial mass="0.3" diaginertia="0.005 0.005 0.005" pos="0 0 0"/>
          <joint name="joint_elbow" type="hinge" axis="0 1 0"/>
          <geom type="capsule" fromto="0 0 0 0.25 0 0" size="0.025" rgba="0.2 0.2 1 1"/>
          <body name="gripper" pos="0.25 0 0">
            <joint name="joint_gripper_left" type="slide" axis="0 1 0"/>
            <joint name="joint_gripper_right" type="slide" axis="0 -1 0"/>
            <geom type="capsule" fromto="0 0 0 0 0.04 0" size="0.01" rgba="0 1 0 1"/>
            <geom type="capsule" fromto="0 0 0 0 -0.04 0" size="0.01" rgba="0 1 0 1"/>
          </body>
        </body>
      </body>
    </body>
  </worldbody>
  <actuator>
    <motor joint="joint_rotate" ctrlrange="-1.5 1.5"/>
    <motor joint="joint_lift" ctrlrange="-1.0 1.0"/>
    <motor joint="joint_elbow" ctrlrange="-1.0 1.0"/>
    <motor joint="joint_gripper_left" ctrlrange="-0.05 0.05"/>
    <motor joint="joint_gripper_right" ctrlrange="-0.05 0.05"/>
  </actuator>
</mujoco>
